{"chunk_definitions":[{"row":27,"row_count":1,"visible":true,"expansion_state":0,"options":{"include":false,"warning":false,"message":false,"engine":"r","label":"unnamed-chunk-13"},"document_id":"19F89CD7","chunk_id":"c697qkcyag2x2","chunk_label":"unnamed-chunk-1"},{"row":102,"row_count":1,"visible":true,"expansion_state":0,"options":{"fig-cap":"Trend of hate crime over the year","echo":false,"warning":false,"message":false,"engine":"r","label":"unnamed-chunk-14"},"document_id":"2486FF88","chunk_id":"cy7722sl2ff54","chunk_label":"fig-trend-year"}],"doc_write_time":1727321246,"chunk_rendered_width":700}