"0","#| label: Fig_year_primary_offence"
"0","#| fig-cap: The Trend of Arrested Rate"
"0","#| echo: false"
"0","#| warning: false"
"0","#| message: false"
"0","arrest_by_year <- data %>%"
"0","  count(occurrence_year, arrest_made)"
"0",""
"0","ggplot(arrest_by_year, aes(x = occurrence_year, y = n, fill = arrest_made)) +"
"0","  geom_bar(stat = ""identity"", position = ""stack"") +"
"0","  labs(title = ""Arrests Made by Year"", x = ""Year"", y = ""Number of Reports"") +"
"0","  theme_minimal() +"
"0","  theme(legend.position = ""right"")+"
"0","  scale_fill_manual(values = c(""YES"" = ""pink2"", ""NO"" = ""blue3""))"
"0",""
