"0","#| label: Fig_hour_report"
"0","#| fig-cap: trend of reported crime in hours"
"0","#| echo: false"
"0","#| warning: false"
"0","#| message: false"
"0",""
"0","hourly_counts <- data %>%"
"0","  count(hour)"
"0",""
"0","ggplot(hourly_counts, aes(x = hour, y = n)) +"
"0","  geom_line(color = ""green2"") +"
"0","  geom_point() +"
"0","  labs(title = ""Occurrences by Hour of the Day"", x = ""Hours of the Day"", y = ""Number of Reports"") +"
"0","  theme_minimal() +"
"0","  scale_x_continuous(breaks = 1:24)"
