{"chunk_definitions":[{"row":22,"row_count":1,"visible":true,"expansion_state":0,"options":{"include":false,"warning":false,"message":false,"engine":"r","label":"unnamed-chunk-19"},"document_id":"19F89CD7","chunk_id":"c697qkcyag2x2","chunk_label":"unnamed-chunk-1"},{"row":58,"row_count":1,"visible":true,"expansion_state":0,"options":{"fig-cap":"trend of crime over year","echo":false,"warning":false,"message":false,"engine":"r","label":"unnamed-chunk-44"},"document_id":"2486FF88","chunk_id":"c373fktkxrl9w","chunk_label":"Fig_report_year"},{"row":84,"row_count":1,"visible":true,"expansion_state":0,"options":{"fig-cap":"trend of reported crime in hours","echo":false,"warning":false,"message":false,"engine":"r","label":"unnamed-chunk-37"},"document_id":"2486FF88","chunk_id":"cpvah4wizcc49","chunk_label":"Fig_hour_report"},{"row":102,"row_count":1,"visible":true,"expansion_state":0,"options":{"fig-cap":"year vs primary_offence","echo":false,"warning":false,"message":false,"engine":"r","label":"unnamed-chunk-39"},"document_id":"2486FF88","chunk_id":"cghyrdag3zzd1","chunk_label":"Fig_year_primary_offence"},{"row":121,"row_count":1,"visible":true,"expansion_state":0,"options":{"fig-cap":"distribution of hate crime type","echo":false,"warning":false,"message":false,"engine":"r","label":"unnamed-chunk-40"},"document_id":"2486FF88","chunk_id":"c7xfnp0i1ktf8","chunk_label":"Fig_distribution_type"},{"row":166,"row_count":1,"visible":true,"expansion_state":0,"options":{},"document_id":"2486FF88","chunk_id":"crpfdpms228yf","chunk_label":"unnamed-chunk-2"},{"row":170,"row_count":1,"visible":true,"expansion_state":0,"options":{},"document_id":"2486FF88","chunk_id":"cjc1sdyscoy3r","chunk_label":"unnamed-chunk-3"},{"row":217,"row_count":1,"visible":true,"expansion_state":0,"options":{},"document_id":"2486FF88","chunk_id":"czafhsvekezr8","chunk_label":"fig-ppcheckandposteriorvsprior"},{"row":236,"row_count":1,"visible":true,"expansion_state":0,"options":{},"document_id":"2486FF88","chunk_id":"chwlduh20jzo4","chunk_label":"fig-stanareyouokay"}],"doc_write_time":1727073500,"chunk_rendered_width":700}