{"chunk_definitions":[{"row":22,"row_count":1,"visible":true,"expansion_state":0,"options":{"include":false,"warning":false,"message":false,"engine":"r","label":"unnamed-chunk-1"},"document_id":"19F89CD7","chunk_id":"ck863sorwk8eu","chunk_label":"unnamed-chunk-1"},{"row":49,"row_count":1,"visible":true,"expansion_state":0,"options":{"fig-cap":"Bills of penguins","echo":false,"engine":"r","label":"unnamed-chunk-2"},"document_id":"19F89CD7","chunk_id":"cr95fz47q7pkx","chunk_label":"fig-bills"},{"row":70,"row_count":1,"visible":true,"expansion_state":0,"options":{"fig-cap":"Relationship between wing length and width","echo":false,"warning":false,"message":false,"engine":"r","label":"unnamed-chunk-3"},"document_id":"19F89CD7","chunk_id":"c3imi5qf5kiff","chunk_label":"fig-planes"},{"row":119,"row_count":1,"visible":true,"expansion_state":0,"options":{},"document_id":"19F89CD7","chunk_id":"c8ti9h6vi823i","chunk_label":"unnamed-chunk-2"},{"row":135,"row_count":1,"visible":true,"expansion_state":0,"options":{},"document_id":"19F89CD7","chunk_id":"cj6r5987a5k6w","chunk_label":"tbl-modelresults"},{"row":190,"row_count":1,"visible":true,"expansion_state":0,"options":{},"document_id":"19F89CD7","chunk_id":"cxy88qqqznqnr","chunk_label":"fig-ppcheckandposteriorvsprior"},{"row":211,"row_count":1,"visible":true,"expansion_state":0,"options":{},"document_id":"19F89CD7","chunk_id":"cpc6nhvjj1qwq","chunk_label":"fig-stanareyouokay"}],"doc_write_time":1711718101}