{"chunk_definitions":[{"row":27,"row_count":1,"visible":true,"expansion_state":0,"options":{"include":false,"warning":false,"message":false,"engine":"r","label":"unnamed-chunk-12"},"document_id":"19F89CD7","chunk_id":"c697qkcyag2x2","chunk_label":"unnamed-chunk-1"},{"row":66,"row_count":1,"visible":true,"expansion_state":0,"options":{"echo":false,"warning":false,"message":false,"engine":"r","label":"unnamed-chunk-17"},"document_id":"2486FF88","chunk_id":"ca8zyoe9jsquk","chunk_label":"Table_for_preview_data"},{"row":95,"row_count":1,"visible":true,"expansion_state":0,"options":{"fig-cap":"Trend of hate crime over the year","echo":false,"warning":false,"message":false,"engine":"r","label":"unnamed-chunk-4"},"document_id":"2486FF88","chunk_id":"cy7722sl2ff54","chunk_label":"FIG-trend-year"},{"row":120,"row_count":1,"visible":true,"expansion_state":0,"options":{"fig-cap":"trend of reported crime in hours","echo":false,"warning":false,"message":false,"engine":"r","label":"unnamed-chunk-8"},"document_id":"2486FF88","chunk_id":"ctobc7ss3wxcd","chunk_label":"Fig_hour_report"},{"row":146,"row_count":1,"visible":true,"expansion_state":0,"options":{"fig-cap":"The Trend of Arrested Rate","echo":false,"warning":false,"message":false,"engine":"r","label":"unnamed-chunk-10"},"document_id":"2486FF88","chunk_id":"cu4pmay6riyyb","chunk_label":"Fig_year_primary_offence"},{"row":169,"row_count":1,"visible":true,"expansion_state":0,"options":{"fig-cap":"Distribution of Hate Crime Type","echo":false,"warning":false,"message":false,"engine":"r","label":"unnamed-chunk-11"},"document_id":"2486FF88","chunk_id":"crdxqnjhso2nx","chunk_label":"Fig_distribution_type"}],"doc_write_time":1727388350,"chunk_rendered_width":652}